initial_trust_mean,mobility,ddem_size,share_trusting,avg_final_trust,std_final_trust,avg_ddem_occupancy,avg_refused_interactions,initial_trust
0.6,10,10000,0.9,0.8161333333333334,0.20070847847894552,132.94403333333335,79450.85,0.6
0.7,10,10000,0.95,0.8520666666666667,0.054863831437478014,138.54086666666666,82911.7,0.7
